IP Address,Hour of Day,Pageviews,Sessions,Session Duration
54.201.37.197,2021092718,60,1,0:07:33
54.201.37.197,2021110118,46,1,0:05:34
140.186.252.50,2021092609,41,1,0:29:40
70.162.176.142,2021100213,34,0,0:00:00
68.47.20.170,2021092609,31,0,0:00:00
24.143.241.24,2021102211,29,1,0:48:06
71.214.48.85,2021092609,28,0,0:00:00
75.58.42.195,2021100216,27,1,0:17:51
107.242.113.5,2021102307,26,0,0:00:00
71.213.45.87,2021100114,26,1,0:24:37
73.131.117.35,2021092717,26,1,0:40:39
73.147.52.48,2021092506,26,1,0:32:06
73.90.207.79,2021092609,25,1,0:54:23
67.184.189.126,2021100715,24,1,0:18:46
172.58.139.108,2021100322,23,1,0:32:47
67.213.236.220,2021100707,23,1,0:30:33
147.92.18.9,2021093012,22,1,0:08:32
97.83.172.247,2021102103,22,0,0:00:00
136.34.91.100,2021100316,21,1,0:15:42
71.12.154.101,2021100913,21,1,0:12:25
71.47.70.149,2021100307,21,1,0:26:27
184.62.130.147,2021092714,20,1,0:09:57
97.102.31.226,2021100308,19,1,0:09:42
107.204.168.21,2021092716,18,1,0:57:57
107.77.204.226,2021092706,18,3,0:13:42
162.218.220.231,2021092607,18,2,0:28:23
172.221.114.222,2021100417,18,1,0:19:00
67.3.99.123,2021102318,18,1,0:14:20
71.81.210.174,2021092612,18,1,0:19:51
24.0.99.105,2021092605,17,1,0:18:29
70.235.130.102,2021092920,17,1,0:12:21
71.182.170.133,2021093009,17,1,0:14:30
98.174.82.34,2021092610,17,2,0:22:46
99.108.235.167,2021092810,17,1,0:19:53
47.152.247.62,2021102411,16,1,0:44:27
47.226.30.185,2021092605,16,1,0:10:02
73.175.215.190,2021102215,16,1,0:12:02
73.182.217.127,2021100317,16,1,0:09:59
98.127.80.222,2021102415,16,1,0:27:25
99.185.57.102,2021093020,16,1,0:19:12
172.58.139.108,2021100323,15,0,0:00:00
172.58.19.143,2021100108,15,1,0:13:57
174.199.238.114,2021093009,15,1,0:10:53
174.211.129.240,2021093018,15,1,0:14:44
174.211.129.240,2021093019,15,0,0:00:00
174.246.134.42,2021092711,15,0,0:00:00
24.169.2.9,2021100217,15,1,0:11:52
64.127.165.14,2021092610,15,1,0:26:43
70.94.244.118,2021093017,15,1,0:18:09
162.222.31.52,2021092609,14,1,0:48:13
172.56.42.95,2021100121,14,1,0:08:17
67.43.240.171,2021100708,14,1,0:07:01
70.18.238.174,2021100109,14,1,0:04:21
70.187.28.91,2021100207,14,1,0:13:02
71.227.107.130,2021093018,14,1,0:16:17
73.37.13.59,2021092422,14,0,0:00:00
108.234.124.199,2021092606,13,1,0:16:31
172.56.13.86,2021100507,13,1,0:19:06
24.169.87.10,2021100711,13,1,0:08:39
24.194.226.86,2021100219,13,1,0:03:15
24.60.157.158,2021101616,13,1,0:04:39
47.26.135.230,2021102020,13,0,0:00:00
50.83.99.191,2021102408,13,1,0:14:00
65.184.42.10,2021100211,13,1,0:17:33
68.82.200.161,2021092607,13,1,0:18:37
72.202.206.47,2021101719,13,1,0:15:36
73.16.205.220,2021092510,13,0,0:00:00
75.104.71.177,2021092610,13,1,0:21:13
75.134.243.32,2021102212,13,1,0:06:38
96.252.109.126,2021093015,13,1,0:18:45
108.202.117.72,2021092422,12,1,0:14:58
108.213.221.15,2021092523,12,1,0:25:47
172.58.139.36,2021100319,12,1,0:21:24
172.58.207.135,2021092711,12,1,0:06:12
174.210.235.168,2021092719,12,1,0:13:35
184.155.53.208,2021102211,12,1,0:12:16
209.107.179.56,2021100616,12,1,0:12:59
24.136.53.79,2021101612,12,1,0:04:19
24.8.149.174,2021092507,12,1,0:09:58
68.37.167.213,2021092505,12,1,0:36:38
75.187.42.179,2021092506,12,1,0:08:20
96.230.217.109,2021102418,12,0,0:00:00
96.29.3.249,2021092615,12,1,0:17:20
96.41.202.198,2021092608,12,1,0:05:38
98.30.218.60,2021093012,12,1,0:09:09
99.196.242.50,2021092615,12,1,0:11:52
107.126.100.27,2021092610,11,1,0:10:50
107.207.246.122,2021093019,11,0,0:00:00
107.77.207.231,2021092712,11,0,0:00:00
172.58.59.211,2021102210,11,1,0:30:58
174.242.81.27,2021092716,11,1,0:08:12
23.117.99.64,2021100217,11,1,0:20:19
50.122.27.199,2021093017,11,1,0:56:03
66.220.238.147,2021100418,11,0,0:00:00
67.10.30.123,2021102211,11,1,0:08:30
68.231.177.192,2021100223,11,0,0:00:00
70.175.75.192,2021100209,11,1,0:06:46
71.240.196.40,2021093017,11,1,0:15:50
72.196.151.16,2021100418,11,1,0:06:14
73.136.94.35,2021093020,11,1,0:12:07
73.50.147.172,2021100619,11,1,0:21:20
75.21.235.253,2021102020,11,0,0:00:00
99.107.148.72,2021092814,11,1,0:30:53
104.4.139.57,2021100111,10,1,0:11:33
108.183.166.171,2021101811,10,1,0:05:59
108.28.65.24,2021100208,10,1,0:13:32
172.58.137.217,2021100616,10,1,0:39:22
172.58.44.170,2021101008,10,1,0:12:59
172.58.70.156,2021092511,10,1,0:13:51
172.79.21.112,2021101714,10,1,0:11:05
174.250.36.12,2021100915,10,1,0:21:21
23.123.210.55,2021092513,10,1,0:08:55
24.0.112.76,2021100717,10,1,0:17:22
54.201.37.197,2021101118,10,1,0:01:07
71.67.244.85,2021100210,10,2,0:04:18
73.248.196.67,2021100615,10,2,0:15:16
76.234.140.218,2021101513,10,1,0:16:53
76.26.54.57,2021100109,10,1,0:10:00
76.9.91.238,2021100717,10,1,0:13:13
97.121.167.37,2021092921,10,1,0:08:06
98.169.145.74,2021102107,10,1,0:05:27
100.1.197.247,2021100307,9,2,0:12:02
108.195.7.70,2021092813,9,1,0:03:31
108.238.90.79,2021101708,9,1,0:11:00
136.49.55.129,2021092807,9,2,0:04:17
137.83.68.106,2021092721,9,1,0:07:00
172.56.30.101,2021100621,9,1,0:01:49
172.58.143.43,2021102214,9,1,0:55:07
24.118.105.76,2021092718,9,1,0:09:24
24.63.96.210,2021093018,9,1,0:13:09
50.122.27.199,2021093018,9,0,0:00:00
50.25.0.72,2021100118,9,1,0:13:35
68.102.65.122,2021092606,9,1,0:08:36
71.214.48.85,2021092608,9,1,0:30:55
73.15.115.187,2021101622,9,1,0:25:48
73.254.223.191,2021092720,9,0,0:00:00
74.111.182.17,2021092610,9,1,0:08:33
74.213.203.196,2021092920,9,1,0:12:52
75.109.23.142,2021101010,9,1,0:04:37
76.125.207.177,2021102316,9,1,0:03:20
98.165.150.193,2021092423,9,1,0:10:20
98.207.138.26,2021102114,9,1,0:19:47
100.1.116.150,2021102216,8,1,0:13:55
104.8.80.79,2021100213,8,2,0:11:21
107.242.113.64,2021092514,8,1,0:48:29
107.77.207.231,2021092711,8,1,0:25:46
135.129.115.46,2021100211,8,1,0:06:52
151.197.230.4,2021092512,8,1,0:07:13
166.181.82.19,2021092712,8,1,0:02:59
172.58.44.251,2021100309,8,1,0:07:51
172.58.6.204,2021093017,8,1,0:11:19
173.233.162.66,2021093018,8,1,0:05:46
174.214.0.116,2021093013,8,1,0:14:45
203.167.201.34,2021102416,8,1,0:06:52
38.29.179.230,2021102119,8,1,0:05:15
47.32.4.202,2021100116,8,1,0:07:48
68.105.132.94,2021102213,8,1,0:12:51
68.132.107.8,2021092613,8,1,0:21:08
69.140.116.95,2021092919,8,1,0:07:52
71.45.41.119,2021101714,8,1,0:23:11
72.220.148.171,2021102013,8,1,0:05:01
73.11.8.10,2021092613,8,1,0:49:40
75.115.127.225,2021092814,8,1,0:19:20
76.167.213.176,2021101516,8,1,0:01:38
76.172.66.181,2021102013,8,1,0:09:52
76.25.77.216,2021100113,8,1,0:08:01
96.61.82.208,2021092609,8,1,0:05:37
99.8.85.105,2021092610,8,1,0:07:29
1.127.30.239,2021101522,7,1,0:03:25
100.1.210.47,2021100218,7,1,0:12:59
100.2.7.49,2021101011,7,1,0:07:21
104.62.180.181,2021102013,7,1,0:05:09
107.2.232.15,2021092813,7,1,0:11:29
172.56.12.176,2021093018,7,1,0:03:30
172.56.42.201,2021101214,7,1,0:11:56
172.58.220.43,2021092612,7,1,0:02:11
172.58.31.102,2021101623,7,1,0:24:47
174.198.65.5,2021092610,7,2,0:02:50
174.243.179.121,2021100323,7,1,0:03:28
174.249.47.115,2021100219,7,1,0:21:26
174.86.0.207,2021100620,7,1,0:05:49
24.154.107.20,2021092812,7,1,0:08:39
24.240.58.192,2021092509,7,1,0:04:00
24.59.245.51,2021101812,7,1,0:06:13
35.137.169.48,2021100906,7,1,0:04:51
67.143.192.42,2021102412,7,1,0:03:28
67.188.101.116,2021100615,7,1,0:09:10
68.108.106.184,2021102117,7,1,0:09:08
68.14.118.41,2021092505,7,1,0:07:02
68.162.81.218,2021100908,7,1,0:03:21
68.52.133.182,2021093013,7,1,0:11:36
69.14.171.213,2021093010,7,1,0:02:13
69.141.231.61,2021102019,7,1,0:03:36
71.238.34.51,2021100221,7,1,0:06:07
72.188.247.175,2021100617,7,1,0:13:32
72.188.247.175,2021100618,7,0,0:00:00
73.11.8.10,2021092612,7,2,0:24:43
73.11.8.10,2021092614,7,1,0:11:33
73.216.48.91,2021092805,7,2,0:04:39
74.135.35.148,2021100716,7,1,0:05:35
8.29.210.69,2021101708,7,1,0:03:34
98.222.57.206,2021101016,7,1,0:12:04
98.23.209.26,2021092613,7,1,0:07:45
99.160.137.175,2021100107,7,1,0:08:18
99.44.25.230,2021092717,7,1,0:15:39
99.92.172.96,2021092613,7,1,0:02:13
104.245.131.241,2021102416,6,0,0:00:00
107.136.61.184,2021092810,6,1,0:05:28
107.77.194.211,2021092511,6,1,0:02:38
108.52.130.168,2021092508,6,1,0:13:00
141.156.128.117,2021092608,6,1,0:03:47
162.229.22.2,2021100708,6,1,0:02:20
172.58.205.22,2021101615,6,1,0:01:12
172.58.223.141,2021102218,6,1,0:10:35
173.29.245.134,2021092609,6,1,0:12:20
174.197.203.48,2021101612,6,1,0:03:24
198.243.17.69,2021101603,6,2,0:05:19
207.225.154.127,2021101006,6,1,0:08:49
216.161.18.58,2021100714,6,1,0:02:33
216.93.226.235,2021092611,6,1,0:08:57
23.242.78.23,2021092422,6,1,0:02:36
31.48.115.8,2021100910,6,1,0:07:25
47.150.19.239,2021102321,6,1,0:02:33
47.26.135.230,2021102019,6,1,0:18:34
54.201.37.197,2021100418,6,1,0:00:34
68.202.78.144,2021092607,6,1,0:03:28
68.33.60.39,2021100813,6,1,0:09:04
69.68.68.154,2021101618,6,1,0:01:12
70.162.20.98,2021102413,6,1,0:08:50
71.129.32.129,2021092921,6,0,0:00:00
71.219.167.44,2021102412,6,0,0:00:00
71.223.238.5,2021092721,6,1,0:08:44
71.255.32.18,2021093018,6,1,0:05:26
71.91.163.56,2021102309,6,1,0:24:34
72.74.219.122,2021092707,6,2,0:17:20
73.135.130.127,2021092812,6,1,0:05:18
73.181.216.235,2021092422,6,1,0:09:06
73.37.13.59,2021092421,6,2,0:10:32
74.134.88.28,2021100307,6,1,0:05:22
75.89.200.130,2021100115,6,1,0:03:51
97.83.172.247,2021102102,6,1,0:34:31
98.152.32.83,2021092523,6,2,0:09:05
98.4.195.49,2021102119,6,1,0:01:06
98.4.93.222,2021100818,6,1,0:06:57
99.32.58.89,2021092606,6,1,0:07:14
99.44.25.230,2021092718,6,0,0:00:00
99.82.254.180,2021092718,6,1,0:04:12
104.34.140.196,2021100619,5,1,0:06:57
107.207.246.122,2021093018,5,1,0:08:26
107.242.113.64,2021092513,5,1,0:04:26
107.77.196.108,2021092507,5,1,0:05:14
108.30.127.130,2021100418,5,1,0:04:42
136.56.102.125,2021092505,5,1,0:01:32
166.182.85.183,2021102412,5,0,0:00:00
172.56.30.114,2021100111,5,1,0:24:14
172.56.30.114,2021100112,5,1,0:07:15
172.58.111.155,2021092920,5,1,0:10:12
172.58.160.165,2021093006,5,2,0:01:08
172.75.242.43,2021102313,5,1,0:04:49
172.76.59.43,2021100119,5,1,0:01:51
174.101.206.29,2021100907,5,1,0:00:55
174.126.154.195,2021093014,5,1,0:05:56
174.208.34.69,2021100814,5,1,0:01:16
174.216.11.136,2021100713,5,1,0:04:03
174.252.202.5,2021100719,5,1,0:05:06
174.54.123.8,2021102019,5,1,0:02:39
209.107.180.22,2021100622,5,1,0:03:38
23.84.10.87,2021092807,5,1,0:27:38
23.84.10.87,2021092808,5,0,0:00:00
24.118.105.76,2021092719,5,0,0:00:00
24.7.183.2,2021100917,5,2,0:14:55
47.149.253.50,2021102221,5,1,0:02:16
47.185.27.2,2021092920,5,1,0:01:13
47.196.175.149,2021092606,5,1,0:05:24
47.26.146.112,2021100717,5,2,0:01:43
64.68.238.54,2021093012,5,1,0:02:50
66.38.61.218,2021100209,5,1,0:03:59
67.1.16.127,2021100213,5,1,0:02:59
67.241.209.250,2021100819,5,1,0:03:45
67.49.116.39,2021100223,5,1,0:06:01
68.10.108.230,2021100906,5,1,0:05:14
68.15.240.108,2021093013,5,1,0:02:07
68.171.180.200,2021100820,5,1,0:05:10
68.195.153.13,2021100907,5,1,0:05:48
68.7.141.51,2021100821,5,1,0:04:00
68.93.4.230,2021092608,5,1,0:04:31
69.14.50.208,2021101711,5,1,0:04:52
70.170.52.38,2021100209,5,1,0:03:35
70.172.5.170,2021100921,5,1,0:05:12
70.94.78.192,2021093009,5,1,0:10:32
71.129.32.129,2021092920,5,1,0:08:04
71.192.14.0,2021100213,5,1,0:18:44
71.205.194.161,2021101807,5,1,0:04:13
71.49.142.72,2021100822,5,1,0:05:40
71.92.35.228,2021102315,5,1,0:10:44
72.193.21.23,2021101009,5,1,0:12:35
72.224.13.18,2021102315,5,1,0:02:01
72.230.242.29,2021092507,5,1,0:01:40
72.230.71.244,2021100619,5,1,0:04:06
72.86.46.143,2021102305,5,1,0:01:07
73.72.230.127,2021102219,5,1,0:01:53
73.94.72.118,2021092508,5,1,0:11:56
74.138.83.223,2021102214,5,1,0:29:13
74.199.76.172,2021092607,5,1,0:09:01
75.111.145.77,2021092607,5,1,0:29:42
75.164.248.79,2021102121,5,1,0:03:39
75.172.55.60,2021100110,5,1,0:03:08
75.97.179.218,2021092717,5,1,0:02:59
76.183.186.151,2021101714,5,1,0:11:03
76.24.190.225,2021092811,5,1,0:07:57
97.115.93.206,2021092721,5,1,0:04:54
97.118.138.172,2021102316,5,1,0:01:39
97.86.226.143,2021101720,5,1,0:03:06
98.10.243.160,2021092714,5,1,0:02:50
98.192.129.75,2021092920,5,1,0:02:20
98.200.163.202,2021102416,5,1,0:07:44
98.201.203.55,2021101716,5,1,0:04:17
98.204.252.212,2021093018,5,1,0:04:03
98.21.145.218,2021092615,5,1,0:01:57
98.27.129.144,2021093018,5,1,0:12:09
107.143.185.173,2021102218,4,1,0:02:42
107.204.168.21,2021092717,4,0,0:00:00
107.77.169.36,2021100616,4,1,0:06:44
108.207.5.63,2021101808,4,1,0:00:42
172.5.237.199,2021102111,4,1,0:05:21
172.56.42.87,2021100122,4,1,0:02:16
172.58.136.37,2021102410,4,1,0:02:16
172.58.137.217,2021100614,4,1,0:06:36
172.58.143.43,2021102215,4,0,0:00:00
172.58.228.166,2021102206,4,1,0:00:36
172.58.56.40,2021102108,4,1,0:01:39
173.2.249.174,2021100311,4,1,0:03:13
173.233.162.66,2021100102,4,1,0:04:46
174.208.193.174,2021100207,4,1,0:02:18
174.247.14.59,2021102312,4,1,0:02:14
174.248.57.86,2021093022,4,0,0:00:00
184.20.108.209,2021100710,4,1,0:02:58
184.96.246.213,2021093013,4,1,0:01:32
192.190.159.60,2021100311,4,1,0:03:45
208.38.254.86,2021100719,4,1,0:04:42
216.116.227.255,2021100817,4,1,0:01:52
24.192.5.2,2021102213,4,1,0:03:35
24.250.15.34,2021092613,4,0,0:00:00
24.43.123.71,2021092512,4,1,0:00:43
24.5.177.117,2021093010,4,1,0:04:07
24.94.18.133,2021102208,4,1,0:02:57
45.49.58.160,2021100720,4,1,0:01:36
54.201.37.197,2021102518,4,1,0:00:17
63.142.197.59,2021102315,4,1,0:07:06
67.10.36.9,2021100819,4,1,0:05:16
67.186.32.145,2021100217,4,1,0:02:43
67.44.224.77,2021101721,4,1,0:04:26
67.82.145.227,2021100317,4,2,0:01:48
68.162.66.44,2021100915,4,1,0:03:38
69.88.40.153,2021093015,4,1,0:06:12
70.162.176.142,2021100212,4,1,0:49:04
70.187.28.91,2021100208,4,0,0:00:00
71.185.203.44,2021102117,4,1,0:01:20
71.192.14.0,2021100214,4,0,0:00:00
73.11.8.10,2021092615,4,0,0:00:00
73.50.147.172,2021100620,4,0,0:00:00
73.70.203.170,2021101714,4,1,0:03:14
74.213.203.196,2021092921,4,0,0:00:00
74.69.60.242,2021100618,4,1,0:02:26
75.188.45.72,2021092720,4,1,0:04:23
76.106.2.217,2021092605,4,1,0:04:43
76.108.73.56,2021100719,4,1,0:32:21
96.41.202.198,2021092609,4,1,0:02:26
97.113.35.1,2021092509,4,1,0:02:07
97.91.169.33,2021092711,4,1,0:03:29
98.40.10.88,2021093019,4,0,0:00:00
99.102.165.93,2021100208,4,1,0:05:52
99.122.61.62,2021102205,4,1,0:02:05
99.182.122.131,2021092922,4,1,0:02:02
99.186.110.69,2021102313,4,1,0:01:35
99.7.30.41,2021093016,4,1,0:03:28
99.89.44.176,2021092615,4,1,0:03:05
99.93.208.84,2021100110,4,1,0:02:35
100.0.48.40,2021102219,3,1,0:01:27
104.57.157.1,2021092719,3,1,0:01:47
107.10.231.221,2021092610,3,1,0:01:05
107.12.183.250,2021100708,3,1,0:02:55
107.126.121.174,2021101614,3,1,0:02:33
107.242.113.5,2021102306,3,1,0:13:31
107.242.125.48,2021092615,3,1,0:02:39
108.183.191.91,2021102314,3,2,0:00:10
108.236.37.235,2021101610,3,1,0:00:58
108.75.185.166,2021100917,3,1,0:01:03
166.182.85.183,2021102411,3,1,0:05:31
172.58.120.237,2021100805,3,1,0:09:40
172.58.157.58,2021093009,3,1,0:07:03
172.58.184.103,2021102112,3,1,0:08:30
172.58.187.101,2021100505,3,1,0:01:44
172.58.203.173,2021100212,3,1,0:02:34
172.58.238.130,2021093016,3,1,0:00:51
172.58.28.93,2021100909,3,1,0:02:37
172.58.36.197,2021100221,3,1,0:02:19
173.174.7.212,2021102406,3,1,0:01:20
173.22.120.33,2021102013,3,1,0:00:44
173.29.26.241,2021092717,3,2,0:01:10
173.54.76.88,2021100914,3,1,0:02:35
173.69.134.2,2021092511,3,1,0:01:56
174.198.147.183,2021101609,3,1,0:05:08
174.204.9.124,2021101808,3,1,0:00:54
174.206.65.163,2021092607,3,1,0:01:38
174.247.240.255,2021100816,3,1,0:02:54
174.80.108.76,2021102116,3,1,0:01:08
174.80.241.119,2021102012,3,1,0:01:02
184.97.48.228,2021100115,3,1,0:01:34
208.104.195.107,2021092917,3,1,0:00:01
209.6.227.216,2021093018,3,1,0:02:18
24.186.210.13,2021101712,3,1,0:07:42
24.233.109.99,2021100718,3,1,0:02:32
24.250.245.66,2021093010,3,1,0:03:04
24.254.112.112,2021093014,3,1,0:00:55
24.43.123.71,2021093013,3,1,0:00:33
47.152.247.62,2021102410,3,1,0:00:33
47.153.54.247,2021101508,3,1,0:01:24
47.198.15.234,2021100915,3,1,0:00:37
47.222.191.65,2021092720,3,1,0:01:17
50.201.30.60,2021102110,3,1,0:00:45
52.50.31.99,2021101000,3,1,0:00:27
54.229.168.186,2021101711,3,1,0:00:15
64.251.147.224,2021100218,3,1,0:04:56
67.172.10.62,2021100716,3,1,0:01:27
67.233.73.73,2021093007,3,1,0:01:17
68.52.241.50,2021100711,3,1,0:01:50
68.97.105.155,2021102111,3,1,0:00:28
69.140.84.145,2021093018,3,1,0:01:49
69.204.253.160,2021092710,3,1,0:00:13
69.26.12.100,2021102306,3,1,0:01:30
70.127.1.212,2021100117,3,1,0:01:03
71.166.44.98,2021100714,3,1,0:00:54
71.205.194.161,2021092921,3,1,0:01:52
71.219.167.44,2021102411,3,1,0:06:06
71.229.200.144,2021101614,3,1,0:03:16
71.28.113.117,2021102314,3,1,0:00:39
71.63.151.28,2021101908,3,1,0:01:56
72.220.69.176,2021100809,3,1,0:02:10
73.1.1.113,2021100116,3,1,0:00:34
73.108.31.82,2021101008,3,1,0:02:24
73.174.250.149,2021102119,3,1,0:02:25
73.230.159.100,2021092920,3,1,0:01:16
73.81.166.10,2021092605,3,1,0:03:39
73.94.49.153,2021102110,3,1,0:01:42
75.111.145.77,2021092608,3,0,0:00:00
75.21.235.253,2021102714,3,1,0:00:16
75.48.121.67,2021100905,3,1,0:00:42
76.108.73.56,2021100720,3,0,0:00:00
76.191.19.153,2021100218,3,1,0:01:32
76.20.100.62,2021100819,3,1,0:00:53
96.230.217.109,2021102417,3,1,0:13:52
96.32.232.173,2021102020,3,1,0:23:25
96.42.25.209,2021092719,3,1,0:00:43
98.118.116.178,2021093018,3,1,0:00:42
98.146.203.152,2021100709,3,1,0:03:07
98.148.192.63,2021100221,3,1,0:01:50
98.148.91.153,2021100108,3,1,0:11:21
99.122.83.146,2021092716,3,1,0:00:29
100.35.149.7,2021092614,2,1,0:02:20
104.176.121.100,2021092606,2,1,0:00:09
104.245.131.241,2021102415,2,1,0:05:32
104.7.29.81,2021092613,2,1,0:02:06
107.136.61.184,2021100810,2,1,0:02:39
107.185.13.42,2021092717,2,1,0:04:48
107.242.113.64,2021092515,2,0,0:00:00
107.77.204.37,2021101005,2,1,0:00:27
107.77.207.135,2021101616,2,1,0:00:09
107.77.208.231,2021092615,2,1,0:01:44
107.77.209.100,2021100718,2,1,0:02:14
108.16.85.117,2021092814,2,1,0:00:19
108.195.170.156,2021092721,2,2,0:00:00
108.209.51.38,2021102114,2,1,0:01:00
108.215.130.45,2021092522,2,1,0:02:21
108.215.130.45,2021092523,2,0,0:00:00
108.52.234.84,2021101019,2,1,0:01:06
128.119.226.22,2021092807,2,1,0:00:51
131.95.1.143,2021092908,2,1,0:02:19
148.76.109.230,2021100708,2,1,0:00:49
150.135.165.103,2021100111,2,1,0:01:04
166.137.83.5,2021092716,2,1,0:01:04
172.14.95.125,2021100716,2,1,0:02:17
172.56.30.114,2021100110,2,2,0:00:00
172.58.155.234,2021101812,2,1,0:00:30
172.58.157.238,2021100816,2,1,0:02:30
172.58.157.58,2021093010,2,0,0:00:00
172.58.175.244,2021102214,2,1,0:02:00
172.58.184.103,2021102113,2,0,0:00:00
172.58.23.222,2021092710,2,1,0:03:09
172.58.236.51,2021092505,2,1,0:01:51
172.8.196.79,2021100718,2,1,0:01:46
172.89.24.156,2021092522,2,1,0:02:33
172.91.219.96,2021092509,2,1,0:01:04
173.16.94.233,2021100916,2,1,0:04:09
173.168.131.78,2021100814,2,1,0:00:31
173.187.48.146,2021093017,2,1,0:01:07
173.81.164.231,2021102316,2,1,0:01:38
174.20.67.229,2021100115,2,1,0:01:49
174.202.0.217,2021101618,2,1,0:04:55
174.202.69.23,2021100107,2,1,0:01:13
174.205.128.46,2021100710,2,1,0:01:10
174.207.0.28,2021102318,2,1,0:04:50
174.211.43.106,2021102217,2,1,0:00:09
174.215.189.51,2021100106,2,1,0:00:29
174.246.134.42,2021092710,2,1,1:05:28
174.248.57.86,2021093021,2,1,0:04:57
174.71.25.80,2021092919,2,1,0:01:49
174.96.48.51,2021092507,2,1,0:01:54
205.169.39.154,2021101309,2,2,0:00:00
216.176.114.142,2021102119,2,2,0:00:00
216.81.125.14,2021102013,2,1,0:01:08
23.84.72.234,2021102120,2,1,0:01:14
24.117.190.129,2021100816,2,1,0:01:22
24.151.232.123,2021092714,2,1,0:00:52
24.190.29.127,2021092506,2,1,0:01:00
24.190.32.242,2021092510,2,1,0:01:06
24.237.17.179,2021093012,2,1,0:01:47
24.242.158.192,2021102118,2,1,0:01:43
24.250.15.34,2021092612,2,1,0:40:36
24.43.123.71,2021110313,2,1,0:01:05
45.51.188.202,2021092809,2,1,0:05:18
47.148.65.217,2021100910,2,1,0:00:38
47.208.0.36,2021092610,2,1,0:13:35
47.223.139.19,2021093010,2,1,0:00:35
47.37.130.240,2021100822,2,1,0:02:09
50.82.40.47,2021093016,2,1,0:01:31
65.131.24.176,2021092510,2,1,0:02:26
65.191.169.190,2021092512,2,1,0:01:23
66.10.244.242,2021100811,2,1,0:02:00
66.168.224.132,2021100919,2,1,0:04:38
66.220.238.147,2021100417,2,1,0:10:59
66.55.195.192,2021100718,2,1,0:06:28
66.55.195.192,2021100719,2,0,0:00:00
67.166.187.251,2021102214,2,1,0:01:13
67.251.11.232,2021101715,2,1,0:00:25
68.105.64.216,2021093020,2,1,0:29:35
68.132.107.8,2021092614,2,0,0:00:00
68.132.107.8,2021092717,2,1,0:00:04
68.57.103.52,2021100812,2,1,0:00:00
69.244.221.2,2021100115,2,1,0:01:18
69.245.109.252,2021101810,2,1,0:01:36
69.255.155.56,2021100316,2,1,0:01:43
71.15.205.15,2021093020,2,1,0:00:18
71.190.28.176,2021092718,2,1,0:00:43
71.237.252.165,2021092609,2,1,0:04:43
72.227.130.60,2021101716,2,1,0:01:48
72.26.4.168,2021093021,2,1,0:00:55
72.81.218.221,2021093014,2,1,0:00:08
73.109.56.253,2021100911,2,1,0:02:10
73.121.213.202,2021102213,2,1,0:02:15
73.154.51.68,2021100916,2,1,0:01:16
73.16.205.220,2021092509,2,1,0:10:02
73.169.223.100,2021100100,2,1,0:02:01
73.196.201.60,2021101517,2,1,0:00:07
73.236.244.138,2021101014,2,1,0:02:21
73.48.241.8,2021092808,2,1,0:03:22
75.117.168.206,2021100714,2,1,0:03:40
75.138.248.52,2021101714,2,1,0:00:48
75.175.104.136,2021092612,2,1,0:05:30
75.187.124.48,2021092612,2,1,0:02:10
75.21.235.253,2021102019,2,1,0:40:42
76.120.172.6,2021092714,2,1,0:01:21
76.27.175.82,2021100315,2,1,0:00:09
98.144.72.93,2021101811,2,1,0:00:11
98.156.87.134,2021092615,2,1,0:00:21
98.181.6.74,2021100616,2,1,0:01:51
98.22.203.135,2021093005,2,1,0:01:53
98.222.110.65,2021100716,2,1,0:01:01
98.235.28.50,2021092814,2,1,0:00:49
98.45.172.75,2021101116,2,1,0:01:14
99.113.109.28,2021101621,2,1,0:03:43
99.16.156.104,2021100806,2,1,0:02:54
99.54.138.36,2021100718,2,1,0:02:39
101.93.97.15,2021101005,1,1,0:00:00
103.111.179.138,2021101104,1,1,0:00:00
104.12.147.162,2021101719,1,1,0:00:00
107.115.159.20,2021102211,1,1,0:00:00
107.242.125.40,2021101806,1,1,0:00:00
107.77.194.124,2021100110,1,1,0:00:00
107.77.249.61,2021102114,1,1,0:00:00
108.183.203.232,2021101111,1,1,0:00:00
108.195.170.156,2021092900,1,1,0:00:00
108.223.237.150,2021100605,1,1,0:00:00
108.52.130.168,2021092509,1,0,0:00:00
108.52.234.84,2021101106,1,1,0:00:00
109.76.206.200,2021100213,1,1,0:00:00
110.137.195.99,2021102804,1,1,0:00:00
111.223.26.101,2021100415,1,1,0:00:00
116.88.101.181,2021101121,1,1,0:00:00
134.174.142.203,2021102011,1,1,0:00:00
135.134.161.150,2021101014,1,1,0:00:00
136.158.37.150,2021102003,1,1,0:00:00
138.122.154.148,2021100805,1,1,0:00:00
142.105.11.32,2021100319,1,1,0:00:00
142.160.109.206,2021101808,1,1,0:00:00
148.76.225.100,2021101711,1,1,0:00:00
157.49.95.88,2021110302,1,1,0:00:00
162.192.207.20,2021100215,1,1,0:00:00
162.232.184.211,2021102013,1,1,0:00:00
169.1.114.40,2021101800,1,1,0:00:00
172.56.30.218,2021093014,1,1,0:00:00
172.56.30.246,2021093009,1,1,0:00:00
172.56.30.246,2021093010,1,1,0:15:21
172.56.30.246,2021093011,1,0,0:00:00
172.56.30.64,2021093012,1,1,0:00:00
172.56.31.94,2021093011,1,1,0:00:00
172.56.42.176,2021100313,1,1,0:00:00
172.56.42.201,2021101623,1,1,0:00:00
172.56.42.95,2021100122,1,0,0:00:00
172.58.107.37,2021102721,1,1,0:00:00
172.58.109.92,2021100708,1,1,0:00:00
172.58.120.185,2021100216,1,1,0:00:00
172.58.120.237,2021100806,1,0,0:00:00
172.58.203.173,2021100213,1,0,0:00:00
172.58.27.12,2021100118,1,1,0:00:00
172.58.59.211,2021102211,1,0,0:00:00
172.58.63.103,2021101614,1,1,0:00:00
172.58.99.251,2021100911,1,1,0:00:00
173.173.4.193,2021092718,1,1,0:00:00
173.252.127.14,2021100921,1,1,0:00:00
173.252.87.6,2021092820,1,1,0:00:00
173.252.95.1,2021101921,1,1,0:00:00
173.252.95.3,2021100814,1,1,0:00:00
173.49.19.117,2021092707,1,1,0:00:00
173.87.230.199,2021100718,1,1,0:00:00
174.198.65.5,2021092613,1,1,0:00:00
174.202.203.30,2021102119,1,1,0:00:00
174.202.71.164,2021100905,1,1,0:00:00
174.203.101.81,2021092611,1,1,0:00:00
174.205.240.185,2021102119,1,1,0:00:00
174.207.192.54,2021102016,1,1,0:00:00
174.208.37.100,2021100918,1,1,0:00:00
174.211.160.168,2021100705,1,1,0:00:00
174.241.161.118,2021100711,1,1,0:00:00
174.244.149.165,2021092623,1,1,0:00:00
174.244.149.165,2021092700,1,1,0:00:00
174.246.48.126,2021101211,1,1,0:00:00
18.208.35.91,2021101117,1,1,0:00:00
196.158.139.27,2021100521,1,1,0:00:00
197.185.106.33,2021101114,1,1,0:00:00
197.210.53.202,2021102108,1,1,0:00:00
199.47.65.175,2021100918,1,1,0:00:00
202.9.74.4,2021101017,1,1,0:00:00
209.107.179.56,2021100618,1,1,0:00:00
209.51.72.38,2021092812,1,1,0:00:00
216.176.114.142,2021102209,1,1,0:00:00
216.211.7.167,2021101713,1,1,0:00:00
23.127.149.150,2021093014,1,1,0:00:00
23.162.0.90,2021093009,1,1,0:00:00
24.106.197.210,2021101110,1,1,0:00:00
24.148.19.128,2021093018,1,1,0:00:00
24.154.155.189,2021101607,1,1,0:00:00
24.17.167.82,2021092509,1,1,0:00:00
24.17.167.82,2021092714,1,1,0:00:00
24.17.167.82,2021093011,1,1,0:00:00
24.17.167.82,2021100112,1,1,0:00:00
24.17.167.82,2021100210,1,1,0:00:00
24.17.167.82,2021102311,1,1,0:00:00
24.192.124.50,2021101122,1,1,0:00:00
24.21.200.70,2021102312,1,1,0:00:00
24.250.15.34,2021092614,1,1,0:00:00
24.250.15.34,2021092616,1,1,0:00:00
24.250.15.34,2021092618,1,1,0:00:00
24.43.123.71,2021092511,1,1,0:00:00
24.43.123.71,2021100708,1,1,0:00:00
24.59.245.51,2021101810,1,1,0:00:00
3.227.184.170,2021101117,1,1,0:00:00
31.13.115.118,2021102321,1,1,0:00:00
31.13.115.2,2021102822,1,1,0:00:00
31.13.115.2,2021110321,1,1,0:00:00
31.13.127.116,2021092523,1,1,0:00:00
31.13.127.19,2021101218,1,1,0:00:00
37.30.0.155,2021101913,1,1,0:00:00
38.132.158.68,2021102415,1,1,0:00:00
45.47.153.40,2021100719,1,1,0:00:00
45.48.39.139,2021092707,1,1,0:00:00
47.208.0.36,2021092611,1,0,0:00:00
49.37.37.93,2021110300,1,1,0:00:00
50.34.191.81,2021102114,1,1,0:00:00
65.154.226.165,2021101223,1,1,0:00:00
65.189.42.102,2021100814,1,1,0:00:00
66.169.254.124,2021093018,1,1,0:00:00
66.75.245.205,2021101800,1,1,0:00:00
67.171.161.24,2021100712,1,1,0:00:00
67.180.15.146,2021092610,1,1,0:00:00
67.43.253.56,2021100917,1,1,0:00:00
68.105.64.216,2021093021,1,0,0:00:00
68.169.141.37,2021092610,1,1,0:00:00
68.194.129.144,2021101012,1,1,0:00:00
68.227.226.199,2021101008,1,1,0:00:00
68.231.177.192,2021100222,1,1,0:22:39
68.47.20.170,2021092608,1,1,0:30:09
68.57.103.52,2021100811,1,1,0:01:42
68.80.143.126,2021100311,1,1,0:00:00
68.81.110.251,2021100505,1,1,0:00:00
69.116.212.144,2021100316,1,1,0:00:00
69.171.251.117,2021110221,1,1,0:00:00
69.171.251.18,2021102614,1,1,0:00:00
69.174.145.36,2021093014,1,1,0:00:00
69.204.253.160,2021092707,1,1,0:00:00
69.79.192.80,2021093017,1,1,0:00:00
70.120.242.189,2021100317,1,1,0:00:00
70.35.188.49,2021093016,1,1,0:02:10
70.35.188.49,2021093017,1,0,0:00:00
70.94.78.192,2021093010,1,0,0:00:00
71.16.198.34,2021093009,1,1,0:00:00
71.213.194.156,2021100717,1,1,0:00:00
71.237.252.165,2021092610,1,0,0:00:00
71.95.144.171,2021100110,1,1,0:00:00
72.129.145.43,2021092807,1,1,0:00:00
72.174.26.36,2021101718,1,1,0:00:00
72.46.177.214,2021092719,1,1,0:00:00
72.74.219.122,2021092708,1,0,0:00:00
73.13.3.153,2021100605,1,1,0:00:00
73.168.155.44,2021102307,1,1,0:00:00
73.22.23.169,2021102410,1,1,0:00:00
73.254.223.191,2021092719,1,1,0:14:48
75.111.145.77,2021092812,1,1,0:00:00
75.190.11.196,2021092713,1,1,0:00:00
75.21.235.253,2021110106,1,1,0:00:00
75.21.235.253,2021110314,1,1,0:00:00
75.73.195.232,2021100806,1,1,0:00:00
75.80.176.45,2021100103,1,1,0:00:00
76.118.85.20,2021093012,1,1,0:00:00
76.167.161.108,2021102013,1,1,0:00:00
76.206.56.238,2021093020,1,1,0:00:00
76.235.204.65,2021102416,1,1,0:00:00
78.19.76.54,2021100315,1,1,0:00:00
80.236.20.26,2021102013,1,1,0:00:00
81.110.124.156,2021101212,1,1,0:00:00
85.255.237.187,2021101209,1,1,0:00:00
86.173.186.173,2021100909,1,1,0:00:00
86.188.116.226,2021110306,1,1,0:00:00
89.64.101.163,2021101111,1,1,0:00:00
90.62.80.149,2021092906,1,1,0:00:00
93.112.148.180,2021101805,1,1,0:00:00
93.177.72.7,2021101117,1,1,0:00:00
97.118.240.175,2021100213,1,1,0:00:00
98.127.210.131,2021101616,1,1,0:00:00
98.144.226.183,2021092511,1,1,0:00:00
98.20.165.99,2021092515,1,1,0:00:00
98.216.67.5,2021100116,1,1,0:00:00
98.222.57.206,2021100208,1,1,0:00:00
98.230.113.160,2021100513,1,1,0:00:00
98.236.111.161,2021102317,1,1,0:00:00
98.255.241.199,2021100621,1,1,0:00:00
98.26.105.49,2021100515,1,1,0:00:00
98.40.10.88,2021093018,1,1,0:09:01
99.107.148.72,2021092815,1,0,0:00:00
99.16.156.104,2021100718,1,1,0:00:00
99.46.178.2,2021100417,1,1,0:00:00
99.58.105.11,2021100915,1,1,0:00:00
